{"data":[{"Properties":{"domain":"DOMAIN-X.LOCAL","name":"DEFAULT DOMAIN POLICY@DOMAIN-X.LOCAL","distinguishedname":"CN={31B2F340-016D-11D2-945F-00C04FB984F9},CN=POLICIES,CN=SYSTEM,DC=DOMAIN-X,DC=LOCAL","domainsid":"S-1-5-21-22178492-3180995169-2096912229","isaclprotected":true,"whencreated":1732917386,"gpcpath":"\\\\DOMAIN-X.LOCAL\\SYSVOL\\DOMAIN-X.LOCAL\\POLICIES\\{31B2F340-016D-11D2-945F-00C04FB984F9}"},"Aces":[{"PrincipalSID":"S-1-5-21-22178492-3180995169-2096912229-512","PrincipalType":"Group","RightName":"Owns","IsInherited":false,"InheritanceHash":""},{"PrincipalSID":"S-1-5-21-22178492-3180995169-2096912229-512","PrincipalType":"Group","RightName":"WriteDacl","IsInherited":false,"InheritanceHash":""},{"PrincipalSID":"S-1-5-21-22178492-3180995169-2096912229-512","PrincipalType":"Group","RightName":"WriteOwner","IsInherited":false,"InheritanceHash":""},{"PrincipalSID":"S-1-5-21-22178492-3180995169-2096912229-512","PrincipalType":"Group","RightName":"GenericWrite","IsInherited":false,"InheritanceHash":""},{"PrincipalSID":"S-1-5-21-22178492-3180995169-2096912229-512","PrincipalType":"Group","RightName":"WriteDacl","IsInherited":false,"InheritanceHash":""},{"PrincipalSID":"S-1-5-21-22178492-3180995169-2096912229-512","PrincipalType":"Group","RightName":"WriteOwner","IsInherited":false,"InheritanceHash":""},{"PrincipalSID":"S-1-5-21-22178492-3180995169-2096912229-512","PrincipalType":"Group","RightName":"GenericWrite","IsInherited":false,"InheritanceHash":""},{"PrincipalSID":"S-1-5-21-22178492-3180995169-2096912229-519","PrincipalType":"Group","RightName":"WriteDacl","IsInherited":false,"InheritanceHash":""},{"PrincipalSID":"S-1-5-21-22178492-3180995169-2096912229-519","PrincipalType":"Group","RightName":"WriteOwner","IsInherited":false,"InheritanceHash":""},{"PrincipalSID":"S-1-5-21-22178492-3180995169-2096912229-519","PrincipalType":"Group","RightName":"GenericWrite","IsInherited":false,"InheritanceHash":""}],"ObjectIdentifier":"103F45C7-D7EF-4878-833E-77406B4689F6","IsDeleted":false,"IsACLProtected":true,"ContainedBy":null},{"Properties":{"domain":"DOMAIN-X.LOCAL","name":"DEFAULT DOMAIN CONTROLLERS POLICY@DOMAIN-X.LOCAL","distinguishedname":"CN={6AC1786C-016F-11D2-945F-00C04FB984F9},CN=POLICIES,CN=SYSTEM,DC=DOMAIN-X,DC=LOCAL","domainsid":"S-1-5-21-22178492-3180995169-2096912229","isaclprotected":true,"whencreated":1732917386,"gpcpath":"\\\\DOMAIN-X.LOCAL\\SYSVOL\\DOMAIN-X.LOCAL\\POLICIES\\{6AC1786C-016F-11D2-945F-00C04FB984F9}"},"Aces":[{"PrincipalSID":"S-1-5-21-22178492-3180995169-2096912229-512","PrincipalType":"Group","RightName":"Owns","IsInherited":false,"InheritanceHash":""},{"PrincipalSID":"S-1-5-21-22178492-3180995169-2096912229-512","PrincipalType":"Group","RightName":"WriteDacl","IsInherited":false,"InheritanceHash":""},{"PrincipalSID":"S-1-5-21-22178492-3180995169-2096912229-512","PrincipalType":"Group","RightName":"WriteOwner","IsInherited":false,"InheritanceHash":""},{"PrincipalSID":"S-1-5-21-22178492-3180995169-2096912229-512","PrincipalType":"Group","RightName":"GenericWrite","IsInherited":false,"InheritanceHash":""},{"PrincipalSID":"S-1-5-21-22178492-3180995169-2096912229-512","PrincipalType":"Group","RightName":"WriteDacl","IsInherited":false,"InheritanceHash":""},{"PrincipalSID":"S-1-5-21-22178492-3180995169-2096912229-512","PrincipalType":"Group","RightName":"WriteOwner","IsInherited":false,"InheritanceHash":""},{"PrincipalSID":"S-1-5-21-22178492-3180995169-2096912229-512","PrincipalType":"Group","RightName":"GenericWrite","IsInherited":false,"InheritanceHash":""},{"PrincipalSID":"S-1-5-21-22178492-3180995169-2096912229-519","PrincipalType":"Group","RightName":"WriteDacl","IsInherited":false,"InheritanceHash":""},{"PrincipalSID":"S-1-5-21-22178492-3180995169-2096912229-519","PrincipalType":"Group","RightName":"WriteOwner","IsInherited":false,"InheritanceHash":""},{"PrincipalSID":"S-1-5-21-22178492-3180995169-2096912229-519","PrincipalType":"Group","RightName":"GenericWrite","IsInherited":false,"InheritanceHash":""}],"ObjectIdentifier":"06D17FF5-8331-4917-B346-3F1EFA126A41","IsDeleted":false,"IsACLProtected":true,"ContainedBy":null}],"meta":{"methods":521215,"type":"gpos","count":2,"version":6,"collectorversion":"2.5.9.0"}}